{"tn": 987, "fp": 2, "fn": 73, "tp": 26, "sens": 0.26262626262626265, "spec": 0.9979777553083923, "ppv": 0.9285714285714286, "npv": 0.9311320754716981, "acc": 0.9310661764705882, "f1": 0.4094488188976378, "aucroc": 0.9121395961638632, "aucpr": 0.689312432816355, "brier": 0.06893382352941177, "brierPos": 0.5835282828282828, "brierNeg": 0.002459656218402427, "_runtime": 761, "_timestamp": 1624901496, "_step": 0}