{"brier": 0.040293040293040296, "brierPos": 0.33986469995059965, "brierNeg": 0.006172049645050101, "aucroc": 0.9449653641547706, "aucpr": 0.8315158199108338, "posteriors_th": 0.9, "tn": 490, "fp": 3, "fn": 19, "tp": 34, "sens": 0.6415094339622641, "spec": 0.9939148073022313, "ppv": 0.918918918918919, "npv": 0.962671905697446, "acc": 0.9597069597069597, "f1": 0.7555555555555555, "_runtime": 1147, "_timestamp": 1628280220, "_step": 0}