{"brier": 0.006737247353224254, "brierPos": 0.04435283018867925, "brierNeg": 0.0007427991886409735, "aucroc": 1.0, "aucpr": 1.0, "posteriors_th": 0.6428571428571429, "tn": 986, "fp": 0, "fn": 7, "tp": 46, "sens": 0.8679245283018868, "spec": 1.0, "ppv": 1.0, "npv": 0.9929506545820745, "acc": 0.9932627526467758, "f1": 0.9292929292929293, "_runtime": 439, "_timestamp": 1627050940, "_step": 0}