{"tn": 989, "fp": 0, "fn": 63, "tp": 36, "sens": 0.36363636363636365, "spec": 1.0, "ppv": 1.0, "npv": 0.9401140684410646, "acc": 0.9420955882352942, "f1": 0.5333333333333333, "aucroc": 0.8675736127707816, "aucpr": 0.6872328556183952, "brier": 0.057904411764705885, "brierPos": 0.5804679511160993, "brierNeg": 0.001265182438926962, "_runtime": 2479, "_timestamp": 1625715637, "_step": 0}