{"brier": 0.0641025641025641, "brierPos": 0.1316869671371456, "brierNeg": 0.05010704541344263, "aucroc": 0.9557388342454743, "aucpr": 0.8141917287596865, "posteriors_th": 0.9, "tn": 472, "fp": 21, "fn": 14, "tp": 39, "sens": 0.7358490566037735, "spec": 0.9574036511156186, "ppv": 0.65, "npv": 0.9711934156378601, "acc": 0.9358974358974359, "f1": 0.6902654867256638, "_runtime": 6363, "_timestamp": 1627610838, "_step": 0}