{"brier": 0.047619047619047616, "brierPos": 0.21724761891551095, "brierNeg": 0.024132492149348445, "aucroc": 0.9627808182479236, "aucpr": 0.8632364083225659, "posteriors_th": 0.4444444444444445, "tn": 479, "fp": 14, "fn": 12, "tp": 41, "sens": 0.7735849056603774, "spec": 0.9716024340770791, "ppv": 0.7454545454545455, "npv": 0.9755600814663951, "acc": 0.9523809523809523, "f1": 0.7592592592592593, "_runtime": 227, "_timestamp": 1627070772, "_step": 0}