{"graph_0": {"_type": "graph-file", "path": "media/graph/graph_0_summary_3166ffc6.graph.json", "sha256": "3166ffc681df22e3f984bb7369491865e8e34b6760fb67662608a29379e5ee02", "size": 16094}, "results_file": "/run/user/1000/gvfs/smb-share:server=lxestudios.hospitalitaliano.net,share=pacs/T-Rx/TRx-v2/Experiments//06-05-21_masksOnly_binary//cocoStats-0.txt", "_runtime": 15816, "_timestamp": 1625155710, "_step": 1, "epoch": 0, "bbox_Average Precision  (AP) @[ IoU=0.50:0.95 | area=   all | maxDets=100 ]": 5.759798305464083e-06, "bbox_Average Precision  (AP) @[ IoU=0.50      | area=   all | maxDets=100 ] ": 3.5458705452114956e-05, "bbox_Average Precision  (AP) @[ IoU=0.75      | area=   all | maxDets=100 ] ": 9.440177285018983e-08, "bbox_Average Precision  (AP) @[ IoU=0.50:0.95 | area= small | maxDets=100 ] ": 0.0, "bbox_Average Precision  (AP) @[ IoU=0.50:0.95 | area=medium | maxDets=100 ] ": 0.0, "bbox_Average Precision  (AP) @[ IoU=0.50:0.95 | area= large | maxDets=100 ] ": 8.37053260009588e-06, "bbox_Average Recall     (AR) @[ IoU=0.50:0.95 | area=   all | maxDets=  1 ] ": 0.0004302231782737295, "bbox_Average Recall     (AR) @[ IoU=0.50:0.95 | area=   all | maxDets= 10 ] ": 0.003414896477547727, "bbox_Average Recall     (AR) @[ IoU=0.50:0.95 | area=   all | maxDets=100 ] ": 0.014036031191180423, "bbox_Average Recall     (AR) @[ IoU=0.50:0.95 | area= small | maxDets=100 ] ": 0.0, "bbox_Average Recall     (AR) @[ IoU=0.50:0.95 | area=medium | maxDets=100 ] ": 0.0, "bbox_Average Recall     (AR) @[ IoU=0.50:0.95 | area= large | maxDets=100 ] ": 0.018844765342960288, "tn": 1380, "fp": 1, "fn": 61, "tp": 131, "sens": 0.6822916666666666, "spec": 0.999275887038378, "ppv": 0.9924242424242424, "npv": 0.9576682859125607, "acc": 0.9605848696757787, "f1": 0.8086419753086419, "aucroc": 0.8892597453536084, "aucpr": 0.8046891432151885, "brier": 0.03941513032422123, "brierPos": 0.28071406250000003, "brierNeg": 0.012565097755249822}