{"tn": 989, "fp": 0, "fn": 66, "tp": 33, "sens": 0.3333333333333333, "spec": 1.0, "ppv": 1.0, "npv": 0.9374407582938389, "acc": 0.9393382352941176, "f1": 0.5, "aucroc": 0.8675736127707816, "aucpr": 0.6872328556183952, "brier": 0.06066176470588235, "brierPos": 0.5804679511160993, "brierNeg": 0.001265182438926962, "_runtime": 10352, "_timestamp": 1626201595, "_step": 0}