{"brier": 0.04945054945054945, "brierPos": 0.24068519110796135, "brierNeg": 0.014648877538555176, "aucroc": 0.9627808182479236, "aucpr": 0.8632364083225659, "posteriors_th": 0.4444444444444445, "tn": 481, "fp": 12, "fn": 15, "tp": 38, "sens": 0.7169811320754716, "spec": 0.9756592292089249, "ppv": 0.76, "npv": 0.969758064516129, "acc": 0.9505494505494505, "f1": 0.7378640776699028, "_runtime": 226, "_timestamp": 1627069383, "_step": 0}