{"tn": 1366, "fp": 15, "fn": 159, "tp": 21, "sens": 0.11666666666666667, "spec": 0.9891383055756698, "ppv": 0.5833333333333334, "npv": 0.8957377049180328, "acc": 0.8885329916720052, "f1": 0.19444444444444445, "aucroc": 0.5529024861211682, "aucpr": 0.40092889173606666, "brier": 0.11146700832799487, "brierPos": 0.8833333333333333, "brierNeg": 0.010861694424330196, "_runtime": 5411, "_timestamp": 1624888349, "_step": 0}